Workbook

Sheet Datos
A1: Grupo | B1: Género | C1: Edad | D1: Estatura (metros) | E1: Nivel educativo | F1: Ciudad | G1: País | H1: Número de hijos | I1: Número de mascotas | J1: Temperatura ambiente
A2: 2006 | B2: M | C2: 41 | D2: 1.69 | E2: Licenciatura | F2: guadalupe | G2: México | H2: 0 | I2: 2 | J2: 33
A3: 2005 | B3: M | C3: 34 | D3: 1.7 | E3: Licenciatura | F3: Pachuca | G3: México | H3: 0 | I3: 5 | J3: 26
A4: 1009 | B4: M | C4: 68 | D4: 1.71 | E4: Maestría | F4: CDMX | G4: México | H4: 2 | I4: 1 | J4: 26
A5: 2006 | B5: M | C5: 47 | D5: 1.7 | E5: Maestría | F5: Apodaca | G5: México | H5: 0 | I5: 3 | J5: 35
A6: 2009 | B6: M | C6: 44 | D6: 1.8 | E6: Licenciatura | F6: Montevideo | G6: Uruguay | H6: 2 | I6: 3 | J6: 8
A7: 2018 | B7: M | C7: 29 | D7: 1.7 | E7: Maestría | F7: Mixco | G7: Guatemala | H7: 0 | I7: 0 | J7: 19
A8: 2006 | B8: M | C8: 45 | D8: 1.79 | E8: Licenciatura | F8: Toluca | G8: México | H8: 2 | I8: 0 | J8: 17
A9: 2018 | B9: M | C9: 24 | D9: 1.77 | E9: Licenciatura | F9: Chihuahua | G9: México | H9: 0 | I9: 2 | J9: 38
A10: 2018 | B10: M | C10: 30 | D10: 1.75 | E10: Maestría | F10: CDMX | G10: México | H10: 1 | I10: 0 | J10: 26
A11: 2005 | B11: M | C11: 24 | D11: 1.76 | E11: Licenciatura | F11: Durango | G11: México | H11: 0 | I11: 0 | J11: 26
A12: 2005 | B12: M | C12: 56 | D12: 1.6 | E12: Licenciatura | F12: CDMX | G12: México | H12: 2 | I12: 1 | J12: 25
A13: 2006 | B13: F | C13: 32 | D13: 1.55 | E13: Licenciatura | F13: CDMX | G13: México | H13: 0 | I13: 2 | J13: 26
... A49: 2006 | B49: M | C49: 39 | D49: 1.71 | E49: Licenciatura | F49: CDMX | G49: México | H49: 0 | I49: 0 | J49: 22
B51: Minimo | C51: =min(C$2:C$49) -> 24 | D51: =min(D$2:D$49) -> 1.5
B52: Maximo | C52: =max(C$2:C49) -> 68 | D52: =MAX(D2:D49) -> 1.9

Sheet Grupo
A1: Grupo | B1: Frecuencia absoluta | C1: Frecuencia relativa | D1: Frecuencia acumulada
A2: =IFERROR(__xludf.DUMMYFUNCTION("unique(Datos!A2:A49)"),2006.0) -> 2006 | B2: =COUNTIF(Datos!A$2:A$49,A2) -> 10 | C2: =B2/COUNTA(Datos!A$2:A$49) -> 0.20833333 | D2: =B2 -> 10
A3: =IFERROR(__xludf.DUMMYFUNCTION("""COMPUTED_VALUE"""),2005.0) -> 2005 | B3: =COUNTIF(Datos!A$2:A$49,A3) -> 5 | C3: =B3/COUNTA(Datos!A$2:A$49) -> 0.10416667 | D3: =D2+B3 -> 15
A4: =IFERROR(__xludf.DUMMYFUNCTION("""COMPUTED_VALUE"""),1009.0) -> 1009 | B4: =COUNTIF(Datos!A$2:A$49,A4) -> 1 | C4: =B4/COUNTA(Datos!A$2:A$49) -> 0.020833333 | D4: =D3+B4 -> 16
A5: =IFERROR(__xludf.DUMMYFUNCTION("""COMPUTED_VALUE"""),2009.0) -> 2009 | B5: =COUNTIF(Datos!A$2:A$49,A5) -> 2 | C5: =B5/COUNTA(Datos!A$2:A$49) -> 0.041666667 | D5: =D4+B5 -> 18
A6: =IFERROR(__xludf.DUMMYFUNCTION("""COMPUTED_VALUE"""),2018.0) -> 2018 | B6: =COUNTIF(Datos!A$2:A$49,A6) -> 3 | C6: =B6/COUNTA(Datos!A$2:A$49) -> 0.0625 | D6: =D5+B6 -> 21
A7: =IFERROR(__xludf.DUMMYFUNCTION("""COMPUTED_VALUE"""),2001.0) -> 2001 | B7: =COUNTIF(Datos!A$2:A$49,A7) -> 5 | C7: =B7/COUNTA(Datos!A$2:A$49) -> 0.10416667 | D7: =D6+B7 -> 26
A8: =IFERROR(__xludf.DUMMYFUNCTION("""COMPUTED_VALUE"""),2003.0) -> 2003 | B8: =COUNTIF(Datos!A$2:A$49,A8) -> 10 | C8: =B8/COUNTA(Datos!A$2:A$49) -> 0.20833333 | D8: =D7+B8 -> 36
A9: =IFERROR(__xludf.DUMMYFUNCTION("""COMPUTED_VALUE"""),2004.0) -> 2004 | B9: =COUNTIF(Datos!A$2:A$49,A9) -> 4 | C9: =B9/COUNTA(Datos!A$2:A$49) -> 0.083333333 | D9: =D8+B9 -> 40
A10: =IFERROR(__xludf.DUMMYFUNCTION("""COMPUTED_VALUE"""),2002.0) -> 2002 | B10: =COUNTIF(Datos!A$2:A$49,A10) -> 5 | C10: =B10/COUNTA(Datos!A$2:A$49) -> 0.10416667 | D10: =D9+B10 -> 45
A11: =IFERROR(__xludf.DUMMYFUNCTION("""COMPUTED_VALUE"""),2007.0) -> 2007 | B11: =COUNTIF(Datos!A$2:A$49,A11) -> 3 | C11: =B11/COUNTA(Datos!A$2:A$49) -> 0.0625 | D11: =D10+B11 -> 48
B12: =SUM(B2:B11) -> 48 | C12: =SUM(C2:C11) -> 1

Sheet Género
A1: Género | B1: Frecuencia absoluta | C1: Frecuencia relativa | D1: Frecuencia acumulada
A2: =IFERROR(__xludf.DUMMYFUNCTION("unique(Datos!B$2:B$46)"),"M") -> M | B2: =COUNTIF(Datos!B$2:B$49,A2) -> 34 | C2: =ROUND(B2/COUNTA(Datos!A$2:A$49),2) -> 0.71 | D2: =B2 -> 34
A3: =IFERROR(__xludf.DUMMYFUNCTION("""COMPUTED_VALUE"""),"F") -> F | B3: =COUNTIF(Datos!B$2:B$49,A3) -> 14 | C3: =ROUND(B3/COUNTA(Datos!A$2:A$49),2) -> 0.29 | D3: =D2+B3 -> 48
B4: =SUM(B2:B3) -> 48 | C4: =SUM(C2:C3) -> 1

Sheet Hijos
E1: Frecuencias
E2: Número de hijos
A3: No. hijos | B3: Rango | C3: Edad | E3: 0 | F3: 1 | G3: 2 | H3: 3
A4: =IFERROR(__xludf.DUMMYFUNCTION("unique(Datos!H2:H49)"),0.0) -> 0 | B4: 20-35 | C4: 20 | D4: 35 | E4: =COUNTIFS(Datos!$H$2:$H$49,E$3, Datos!$C$2:$C$49,">="&$C4, Datos!$C$2:$C$49,"<="&$D4) -> 24 | F4: =COUNTIFS(Datos!$H$2:$H$49,F$3, Datos!$C$2:$C$49,">="&$C4, Datos!$C$2:$C$49,"<="&$D4) -> 3 | G4: =COUNTIFS(Datos!$H$2:$H$49,G$3, Datos!$C$2:$C$49,">="&$C4, Datos!$C$2:$C$49,"<="&$D4) -> 0 | H4: =COUNTIFS(Datos!$H$2:$H$49,H$3, Datos!$C$2:$C$49,">="&$C4, Datos!$C$2:$C$49,"<="&$D4) -> 0
A5: =IFERROR(__xludf.DUMMYFUNCTION("""COMPUTED_VALUE"""),2.0) -> 2 | B5: 36-50 | C5: 36 | D5: 50 | E5: =COUNTIFS(Datos!$H$2:$H$49,E$3, Datos!$C$2:$C$49,">="&$C5, Datos!$C$2:$C$49,"<="&$D5) -> 7 | F5: =COUNTIFS(Datos!$H$2:$H$49,F$3, Datos!$C$2:$C$49,">="&$C5, Datos!$C$2:$C$49,"<="&$D5) -> 5 | G5: =COUNTIFS(Datos!$H$2:$H$49,G$3, Datos!$C$2:$C$49,">="&$C5, Datos!$C$2:$C$49,"<="&$D5) -> 6 | H5: =COUNTIFS(Datos!$H$2:$H$49,H$3, Datos!$C$2:$C$49,">="&$C5, Datos!$C$2:$C$49,"<="&$D5) -> 1
A6: =IFERROR(__xludf.DUMMYFUNCTION("""COMPUTED_VALUE"""),1.0) -> 1 | B6: 51-70 | C6: 51 | D6: 70 | E6: =COUNTIFS(Datos!$H$2:$H$49,E$3, Datos!$C$2:$C$49,">="&$C6, Datos!$C$2:$C$49,"<="&$D6) -> 0 | F6: =COUNTIFS(Datos!$H$2:$H$49,F$3, Datos!$C$2:$C$49,">="&$C6, Datos!$C$2:$C$49,"<="&$D6) -> 0 | G6: =COUNTIFS(Datos!$H$2:$H$49,G$3, Datos!$C$2:$C$49,">="&$C6, Datos!$C$2:$C$49,"<="&$D6) -> 2 | H6: =COUNTIFS(Datos!$H$2:$H$49,H$3, Datos!$C$2:$C$49,">="&$C6, Datos!$C$2:$C$49,"<="&$D6) -> 0
A7: =IFERROR(__xludf.DUMMYFUNCTION("""COMPUTED_VALUE"""),3.0) -> 3

Sheet Mascotas
E1: Frecuencias
E2: Número de mascotas
A3: No. mascotas | B3: Rango | C3: Edad | E3: 0 | F3: 1 | G3: 2 | H3: 3 | I3: 5
A4: =IFERROR(__xludf.DUMMYFUNCTION("unique(Datos!I2:I49)"),2.0) -> 2 | B4: 20-35 | C4: 20 | D4: 35 | E4: =COUNTIFS(Datos!$I$2:$I$49,E$3, Datos!$C$2:$C$49,">="&$C4, Datos!$C$2:$C$49,"<="&$D4) -> 8 | F4: =COUNTIFS(Datos!$I$2:$I$49,F$3, Datos!$C$2:$C$49,">="&$C4, Datos!$C$2:$C$49,"<="&$D4) -> 6 | G4: =COUNTIFS(Datos!$I$2:$I$49,G$3, Datos!$C$2:$C$49,">="&$C4, Datos!$C$2:$C$49,"<="&$D4) -> 4 | H4: =COUNTIFS(Datos!$I$2:$I$49,H$3, Datos!$C$2:$C$49,">="&$C4, Datos!$C$2:$C$49,"<="&$D4) -> 6 | I4: =COUNTIFS(Datos!$I$2:$I$49,I$3, Datos!$C$2:$C$49,">="&$C4, Datos!$C$2:$C$49,"<="&$D4) -> 3
A5: =IFERROR(__xludf.DUMMYFUNCTION("""COMPUTED_VALUE"""),5.0) -> 5 | B5: 36-50 | C5: 36 | D5: 50 | E5: =COUNTIFS(Datos!$I$2:$I$49,E$3, Datos!$C$2:$C$49,">="&$C5, Datos!$C$2:$C$49,"<="&$D5) -> 4 | F5: =COUNTIFS(Datos!$I$2:$I$49,F$3, Datos!$C$2:$C$49,">="&$C5, Datos!$C$2:$C$49,"<="&$D5) -> 5 | G5: =COUNTIFS(Datos!$I$2:$I$49,G$3, Datos!$C$2:$C$49,">="&$C5, Datos!$C$2:$C$49,"<="&$D5) -> 6 | H5: =COUNTIFS(Datos!$I$2:$I$49,H$3, Datos!$C$2:$C$49,">="&$C5, Datos!$C$2:$C$49,"<="&$D5) -> 4 | I5: =COUNTIFS(Datos!$I$2:$I$49,I$3, Datos!$C$2:$C$49,">="&$C5, Datos!$C$2:$C$49,"<="&$D5) -> 0
A6: =IFERROR(__xludf.DUMMYFUNCTION("""COMPUTED_VALUE"""),1.0) -> 1 | B6: 51-70 | C6: 51 | D6: 70 | E6: =COUNTIFS(Datos!$I$2:$I$49,E$3, Datos!$C$2:$C$49,">="&$C6, Datos!$C$2:$C$49,"<="&$D6) -> 0 | F6: =COUNTIFS(Datos!$I$2:$I$49,F$3, Datos!$C$2:$C$49,">="&$C6, Datos!$C$2:$C$49,"<="&$D6) -> 2 | G6: =COUNTIFS(Datos!$I$2:$I$49,G$3, Datos!$C$2:$C$49,">="&$C6, Datos!$C$2:$C$49,"<="&$D6) -> 0 | H6: =COUNTIFS(Datos!$I$2:$I$49,H$3, Datos!$C$2:$C$49,">="&$C6, Datos!$C$2:$C$49,"<="&$D6) -> 0 | I6: =COUNTIFS(Datos!$I$2:$I$49,I$3, Datos!$C$2:$C$49,">="&$C6, Datos!$C$2:$C$49,"<="&$D6) -> 0
A7: =IFERROR(__xludf.DUMMYFUNCTION("""COMPUTED_VALUE"""),3.0) -> 3
A8: =IFERROR(__xludf.DUMMYFUNCTION("""COMPUTED_VALUE"""),0.0) -> 0

Sheet Estatura
A1: Rango | B1: Estatura | D1: Frecuencia
A2: 1.5-1.57 | B2: 1.5 | C2: 1.57 | D2: =countifs(Datos!$D$2:$D$49,">="&$B2,Datos!$D$2:$D$49, "<="&$C2) -> 8
A3: 1.58-1.63 | B3: 1.58 | C3: 1.63 | D3: =countifs(Datos!$D$2:$D$49,">="&$B3,Datos!$D$2:$D$49, "<="&$C3) -> 4
A4: 1.64-1.70 | B4: 1.64 | C4: 1.7 | D4: =countifs(Datos!$D$2:$D$49,">="&$B4,Datos!$D$2:$D$49, "<="&$C4) -> 14
A5: 1.71-1.77 | B5: 1.71 | C5: 1.77 | D5: =countifs(Datos!$D$2:$D$49,">="&$B5,Datos!$D$2:$D$49, "<="&$C5) -> 16
A6: 1.78-1.83 | B6: 1.78 | C6: 1.83 | D6: =countifs(Datos!$D$2:$D$49,">="&$B6,Datos!$D$2:$D$49, "<="&$C6) -> 3
A7: 1.84-1.90 | B7: 1.84 | C7: 1.9 | D7: =countifs(Datos!$D$2:$D$49,">="&$B7,Datos!$D$2:$D$49, "<="&$C7) -> 3
